"Date","DJT_AdjClose"
2000-01-01,9650000
2000-02-01,13980000
2000-03-01,14440000
2000-04-01,12650000
2000-05-01,10070000
2000-06-01,11080000
2000-07-01,5630000
2000-08-01,8360000
2000-09-01,7370000
2000-10-01,9310000
2000-11-01,10790000
2000-12-01,10830000
2001-01-01,10690000
2001-02-01,13020000
2001-03-01,17400000
2001-04-01,12390000
2001-05-01,10780000
2001-06-01,12820000
2001-07-01,1.4e+07
2001-08-01,9750000
2001-09-01,11570000
2001-10-01,16600000
2001-11-01,14600000
2001-12-01,11380000
2002-01-01,15570000
2002-02-01,19780000
2002-03-01,21920000
2002-04-01,11830000
2002-05-01,18770000
2002-06-01,12540000
2002-07-01,14540000
2002-08-01,14110000
2002-09-01,21880000
2002-10-01,24400000
2002-11-01,15950000
2002-12-01,21190000
2003-01-01,14930000
2003-02-01,18020000
2003-03-01,16140000
2003-04-01,41450000
2003-05-01,19010000
2003-06-01,30240000
2003-07-01,25880000
2003-08-01,17710000
2003-09-01,28280000
2003-10-01,20330000
2003-11-01,22380000
2003-12-01,18850000
2004-01-01,17260000
2004-02-01,26820000
2004-03-01,24620000
2004-04-01,29120000
2004-05-01,23250000
2004-06-01,18580000
2004-07-01,18470000
2004-08-01,17840000
2004-09-01,15880000
2004-10-01,20870000
2004-11-01,25430000
2004-12-01,30550000
2005-01-01,21920000
2005-02-01,20180000
2005-03-01,35410000
2005-04-01,23210000
2005-05-01,28310000
2005-06-01,27200000
2005-07-01,17490000
2005-08-01,21140000
2005-09-01,45020000
2005-10-01,19670000
2005-11-01,25820000
2005-12-01,19530000
2006-01-01,33880000
2006-02-01,48270000
2006-03-01,24800000
2006-04-01,25710000
2006-05-01,27480000
2006-06-01,28530000
2006-07-01,12610000
2006-08-01,33650000
2006-09-01,20080000
2006-10-01,26320000
2006-11-01,30860000
2006-12-01,27940000
2007-01-01,40270000
2007-02-01,37780000
2007-03-01,53200000
2007-04-01,28970000
2007-05-01,44710000
2007-06-01,23660000
2007-07-01,21190000
2007-08-01,36990000
2007-09-01,20080000
2007-10-01,22620000
2007-11-01,23030000
2007-12-01,20850000
2008-01-01,32480000
2008-02-01,36860000
2008-03-01,22200000
2008-04-01,29450000
2008-05-01,29940000
2008-06-01,23330000
2008-07-01,30120000
2008-08-01,23530000
2008-09-01,28250000
2008-10-01,23160000
2008-11-01,19580000
2008-12-01,25080000
2009-01-01,17640000
2009-02-01,25100000
2009-03-01,32790000
2009-04-01,23740000
2009-05-01,22370000
2009-06-01,25510000
2009-07-01,15930000
2009-08-01,20750000
2009-09-01,24810000
2009-10-01,26950000
2009-11-01,3.4e+07
2009-12-01,20780000
2010-01-01,20470000
2010-02-01,20980000
2010-03-01,19920000
2010-04-01,16440000
2010-05-01,22490000
2010-06-01,23630000
2010-07-01,28400000
2010-08-01,17920000
2010-09-01,19080000
2010-10-01,20110000
2010-11-01,13760000
2010-12-01,14790000
2011-01-01,17110000
2011-02-01,20710000
2011-03-01,22820000
2011-04-01,13580000
2011-05-01,21790000
2011-06-01,19770000
2011-07-01,14750000
2011-08-01,21840000
2011-09-01,16870000
2011-10-01,42330000
2011-11-01,21660000
2011-12-01,32390000
2012-01-01,13110000
2012-02-01,15380000
2012-03-01,13730000
2012-04-01,13400000
2012-05-01,13070000
2012-06-01,19910000
2012-07-01,12420000
2012-08-01,16150000
2012-09-01,11620000
2012-10-01,12060000
2012-11-01,12030000
2012-12-01,8940000
2013-01-01,12590000
2013-02-01,11920000
2013-03-01,12530000
2013-04-01,10160000
2013-05-01,10990000
2013-06-01,11090000
2013-07-01,10080000
2013-08-01,13440000
2013-09-01,13390000
2013-10-01,12070000
2013-11-01,11940000
2013-12-01,9840000
2014-01-01,8510000
2014-02-01,18370000
2014-03-01,12320000
2014-04-01,11890000
2014-05-01,12030000
2014-06-01,9490000
2014-07-01,12530000
2014-08-01,13690000
2014-09-01,12460000
2014-10-01,19770000
2014-11-01,14740000
2014-12-01,22340000
2015-01-01,13130000
2015-02-01,18890000
2015-03-01,13080000
2015-04-01,15710000
2015-05-01,15200000
2015-06-01,18700000
2015-07-01,20970000
2015-08-01,15660000
2015-09-01,22070000
2015-10-01,17240000
2015-11-01,16890000
2015-12-01,14690000
2016-01-01,22630000
2016-02-01,21700000
2016-03-01,19910000
2016-04-01,19860000
2016-05-01,17630000
2016-06-01,14640000
2016-07-01,16590000
2016-08-01,13950000
2016-09-01,12700000
2016-10-01,14570000
2016-11-01,16320000
2016-12-01,17270000
2017-01-01,53520000
2017-02-01,79400000
2017-03-01,70780000
2017-04-01,53250000
2017-05-01,53660000
2017-06-01,51780000
2017-07-01,28200000
2017-08-01,60140000
2017-09-01,42710000
2017-10-01,55530000
2017-11-01,48410000
2017-12-01,65530000
2018-01-01,47340000
2018-02-01,61770000
2018-03-01,69080000
2018-04-01,59060000
2018-05-01,49590000
2018-06-01,45250000
2018-07-01,40640000
2018-08-01,49020000
2018-09-01,52220000
2018-10-01,44470000
2018-11-01,55440000
2018-12-01,55780000
2019-01-01,43770000
2019-02-01,46680000
2019-03-01,61050000
2019-04-01,53150000
2019-05-01,47280000
2019-06-01,50980000
2019-07-01,43760000
2019-08-01,59920000
2019-09-01,42760000
2019-10-01,50980000
2019-11-01,52570000
2019-12-01,41870000
2020-01-01,40680000
2020-02-01,51070000
2020-03-01,141090000
2020-04-01,192740000
2020-05-01,280680000
2020-06-01,219570000
2020-07-01,319710000
2020-08-01,155330000
2020-09-01,158640000
2020-10-01,122270000
2020-11-01,117840000
2020-12-01,147670000
2021-01-01,142910000
2021-02-01,105990000
2021-03-01,118490000
2021-04-01,72770000
2021-05-01,84700000
2021-06-01,90660000
2021-07-01,85810000
2021-08-01,88750000
2021-09-01,78330000
2021-10-01,133260000
2021-11-01,99610000
2021-12-01,206840000
2022-01-01,110880000
2022-02-01,110210000
2022-03-01,151970000
2022-04-01,107760000
2022-05-01,116610000
2022-06-01,110780000
2022-07-01,94710000
2022-08-01,98700000
2022-09-01,91510000
2022-10-01,111760000
2022-11-01,93750000
2022-12-01,75180000
2023-01-01,85320000
2023-02-01,108240000
2023-03-01,55860000
2023-04-01,69350000
2023-05-01,89220000
2023-06-01,83310000
2023-07-01,44630000
2023-08-01,111850000
2023-09-01,64060000
2023-10-01,106190000
2023-11-01,108140000
2023-12-01,122520000
2024-01-01,97720000
2024-02-01,124020000
2024-03-01,88210000
2024-04-01,96980000
2024-05-01,112650000
2024-06-01,117870000
2024-07-01,89460000
2024-08-01,132560000
2024-09-01,89980000
2024-10-01,109420000
2024-11-01,107810000
2024-12-01,77950000
2025-01-01,88750000
2025-02-01,126200000
2025-03-01,126850000
2025-04-01,163260000
2025-05-01,141500000
2025-06-01,140430000
2025-07-01,137020000
2025-08-01,172250000
2025-09-01,166080000
